test.arg                                   ,www.B.random/test#
test.arg                                   ,C
test.arg                                   ,E
test.arg                                   ,G
test.arg                                   ,A/finder
abcd                                       ,A/finder
acd                                        ,A/finder
abc                                        ,A/finder
ab                                         ,A/finder
www.B.random/test#                         ,www.B.random/test-results/passed.html?GET=
www.B.random/test#                         ,H
A/finder                                   ,www.B.random/test#
A/finder                                   ,www.B.random/test-results/passed.html?GET=
C                                          ,L
www.B.random/test-results/passed.html?GET= ,F
F                                          ,H
I                                          ,J
I                                          ,K
I                                          ,L
G                                          ,H
H                                          ,G
K                                          ,Y
G                                          ,Y
J                                          ,L
